-- phpMyAdmin SQL Dump
-- version 5.1.1
-- https://www.phpmyadmin.net/
--
-- Máy chủ: 127.0.0.1
-- Thời gian đã tạo: Th10 12, 2022 lúc 03:32 PM
-- Phiên bản máy phục vụ: 10.4.22-MariaDB
-- Phiên bản PHP: 8.1.1

SET SQL_MODE = "NO_AUTO_VALUE_ON_ZERO";
START TRANSACTION;
SET time_zone = "+00:00";


/*!40101 SET @OLD_CHARACTER_SET_CLIENT=@@CHARACTER_SET_CLIENT */;
/*!40101 SET @OLD_CHARACTER_SET_RESULTS=@@CHARACTER_SET_RESULTS */;
/*!40101 SET @OLD_COLLATION_CONNECTION=@@COLLATION_CONNECTION */;
/*!40101 SET NAMES utf8mb4 */;

--
-- Cơ sở dữ liệu: `website_mvc`
--

-- --------------------------------------------------------

--
-- Cấu trúc bảng cho bảng `tbl_admin`
--

CREATE TABLE `tbl_admin` (
  `adminid` int(11) NOT NULL,
  `adminName` varchar(255) NOT NULL,
  `adminEmail` varchar(255) NOT NULL,
  `adminUser` varchar(255) NOT NULL,
  `adminPass` varchar(255) NOT NULL,
  `level` int(30) NOT NULL
) ENGINE=InnoDB DEFAULT CHARSET=utf8;

--
-- Đang đổ dữ liệu cho bảng `tbl_admin`
--

INSERT INTO `tbl_admin` (`adminid`, `adminName`, `adminEmail`, `adminUser`, `adminPass`, `level`) VALUES
(1, 'quocgiau', 'quocgiau217@gmail.com', 'quocgiau217', 'e10adc3949ba59abbe56e057f20f883e', 0);

-- --------------------------------------------------------

--
-- Cấu trúc bảng cho bảng `tbl_binhluan`
--

CREATE TABLE `tbl_binhluan` (
  `binhluan_id` int(11) NOT NULL,
  `tenbinhluan` int(255) NOT NULL,
  `binhluan` text NOT NULL,
  `product_id` int(11) UNSIGNED NOT NULL,
  `blog_id` int(11) NOT NULL,
  `image` varchar(100) NOT NULL
) ENGINE=InnoDB DEFAULT CHARSET=utf8;

-- --------------------------------------------------------

--
-- Cấu trúc bảng cho bảng `tbl_brand`
--

CREATE TABLE `tbl_brand` (
  `brandId` int(11) UNSIGNED NOT NULL,
  `brandName` varchar(255) NOT NULL
) ENGINE=InnoDB DEFAULT CHARSET=utf8;

--
-- Đang đổ dữ liệu cho bảng `tbl_brand`
--

INSERT INTO `tbl_brand` (`brandId`, `brandName`) VALUES
(1, 'DELL'),
(2, 'OPPO'),
(3, 'HUAWEI');

-- --------------------------------------------------------

--
-- Cấu trúc bảng cho bảng `tbl_cart`
--

CREATE TABLE `tbl_cart` (
  `cartId` int(11) NOT NULL,
  `productId` int(11) UNSIGNED NOT NULL,
  `sId` varchar(255) NOT NULL,
  `productName` varchar(255) NOT NULL,
  `price` varchar(255) NOT NULL,
  `quantity` int(11) NOT NULL,
  `image` varchar(255) NOT NULL
) ENGINE=InnoDB DEFAULT CHARSET=utf8;

-- --------------------------------------------------------

--
-- Cấu trúc bảng cho bảng `tbl_category`
--

CREATE TABLE `tbl_category` (
  `catId` int(11) UNSIGNED NOT NULL,
  `catName` varchar(255) NOT NULL
) ENGINE=InnoDB DEFAULT CHARSET=utf8;

--
-- Đang đổ dữ liệu cho bảng `tbl_category`
--

INSERT INTO `tbl_category` (`catId`, `catName`) VALUES
(1, 'Sạc dự phòng'),
(2, 'Điện thoại'),
(3, 'Laptop');

-- --------------------------------------------------------

--
-- Cấu trúc bảng cho bảng `tbl_compare`
--

CREATE TABLE `tbl_compare` (
  `id` int(11) NOT NULL,
  `customer_id` int(11) UNSIGNED NOT NULL,
  `productId` int(11) UNSIGNED NOT NULL,
  `productName` varchar(255) NOT NULL,
  `price` varchar(255) NOT NULL,
  `image` varchar(255) NOT NULL
) ENGINE=InnoDB DEFAULT CHARSET=utf8;

-- --------------------------------------------------------

--
-- Cấu trúc bảng cho bảng `tbl_customer`
--

CREATE TABLE `tbl_customer` (
  `id` int(11) UNSIGNED NOT NULL,
  `name` varchar(200) NOT NULL,
  `address` varchar(200) NOT NULL,
  `city` varchar(50) NOT NULL,
  `country` varchar(50) NOT NULL,
  `zipcode` varchar(50) NOT NULL,
  `phone` varchar(20) NOT NULL,
  `email` varchar(50) NOT NULL,
  `password` varchar(50) NOT NULL
) ENGINE=InnoDB DEFAULT CHARSET=utf8;

--
-- Đang đổ dữ liệu cho bảng `tbl_customer`
--

INSERT INTO `tbl_customer` (`id`, `name`, `address`, `city`, `country`, `zipcode`, `phone`, `email`, `password`) VALUES
(1, 'Nguyễn Quốc Giàu', 'không có', 'Cần Thơ', 'HCM', 'không có', '0907236881', 'quocgiau217@gmail.com', '3d668fb23185d1dd2db3b741404d0609');

-- --------------------------------------------------------

--
-- Cấu trúc bảng cho bảng `tbl_order`
--

CREATE TABLE `tbl_order` (
  `id` int(11) NOT NULL,
  `productId` int(11) UNSIGNED NOT NULL,
  `productName` varchar(255) NOT NULL,
  `customer_id` int(11) UNSIGNED NOT NULL,
  `quantity` int(11) NOT NULL,
  `price` varchar(255) NOT NULL,
  `image` varchar(255) NOT NULL,
  `status` int(11) NOT NULL DEFAULT 0
) ENGINE=InnoDB DEFAULT CHARSET=utf8;

-- --------------------------------------------------------

--
-- Cấu trúc bảng cho bảng `tbl_product`
--

CREATE TABLE `tbl_product` (
  `productId` int(11) UNSIGNED NOT NULL,
  `productName` varchar(255) NOT NULL,
  `catId` int(11) UNSIGNED NOT NULL,
  `brandId` int(11) UNSIGNED NOT NULL,
  `product_desc` text NOT NULL,
  `type` int(11) NOT NULL,
  `price` varchar(255) NOT NULL,
  `image` varchar(255) NOT NULL
) ENGINE=InnoDB DEFAULT CHARSET=utf8;

--
-- Đang đổ dữ liệu cho bảng `tbl_product`
--

INSERT INTO `tbl_product` (`productId`, `productName`, `catId`, `brandId`, `product_desc`, `type`, `price`, `image`) VALUES
(1, 'Pin sạc dự phòng Polymer OPPO', 2, 2, '<p>10.000 mAh Type C PD QC3.0 OPPO PBT02&nbsp;</p>', 0, '700000', '122127577d.jpeg'),
(2, 'Điện thoại OPPO Reno8', 2, 2, '<p>&nbsp;Pro 5G</p>', 1, '18900000', 'd907c047cd.jpg'),
(3, 'Laptop Dell Vostro 5620 ', 1, 1, '<p>i5 1240P/8GB/256GB/OfficeHS/Win11 (V6I5001W1)&nbsp;</p>', 0, '22500000', '2c174ecea2.jpg'),
(4, 'Điện thoại Dell Stack', 2, 1, '<p>tin đồn</p>', 0, '9999999', '9f942aaadf.jpg'),
(5, 'Điện thoại Huawei Y5P ', 2, 3, '<p>FUll HD</p>', 0, '12000000', '650d5061cb.jpg'),
(7, 'Điện thoại OPPO Find X5 PRO', 2, 2, '<p><span>5G</span></p>', 0, '18000000', 'b5b4b405ac.jpg'),
(8, 'Điện thoại Huawei Nova 7i', 2, 3, '<p>Nền Tảng HUAWEI MOBILE SERVICE</p>', 1, '9690000', 'a6ddad208d.jpg'),
(9, 'Laptop Dell Inspiron 14 5420', 3, 1, '<p><span>i5 1235U/8GB/256GB/OfficeHS/Win11 (P157G001ASL)</span></p>', 1, '21900000', 'b44ac75610.jpg');

-- --------------------------------------------------------

--
-- Cấu trúc bảng cho bảng `tbl_slider`
--

CREATE TABLE `tbl_slider` (
  `sliderId` int(11) NOT NULL,
  `sliderName` varchar(255) NOT NULL,
  `slider_image` varchar(255) NOT NULL,
  `type` int(11) NOT NULL
) ENGINE=InnoDB DEFAULT CHARSET=utf8;

--
-- Đang đổ dữ liệu cho bảng `tbl_slider`
--

INSERT INTO `tbl_slider` (`sliderId`, `sliderName`, `slider_image`, `type`) VALUES
(1, 'oppo', 'cc9a062a37.png', 1),
(2, 'samsung', '3a1742ea0f.png', 1);

-- --------------------------------------------------------

--
-- Cấu trúc bảng cho bảng `tbl_wishlist`
--

CREATE TABLE `tbl_wishlist` (
  `id` int(11) NOT NULL,
  `customer_id` int(11) UNSIGNED NOT NULL,
  `productId` int(11) UNSIGNED NOT NULL,
  `productName` varchar(255) NOT NULL,
  `price` varchar(255) NOT NULL,
  `image` varchar(255) NOT NULL
) ENGINE=InnoDB DEFAULT CHARSET=utf8;

--
-- Chỉ mục cho các bảng đã đổ
--

--
-- Chỉ mục cho bảng `tbl_admin`
--
ALTER TABLE `tbl_admin`
  ADD PRIMARY KEY (`adminid`);

--
-- Chỉ mục cho bảng `tbl_binhluan`
--
ALTER TABLE `tbl_binhluan`
  ADD PRIMARY KEY (`binhluan_id`),
  ADD KEY `product_id` (`product_id`);

--
-- Chỉ mục cho bảng `tbl_brand`
--
ALTER TABLE `tbl_brand`
  ADD PRIMARY KEY (`brandId`);

--
-- Chỉ mục cho bảng `tbl_cart`
--
ALTER TABLE `tbl_cart`
  ADD PRIMARY KEY (`cartId`),
  ADD KEY `productId` (`productId`);

--
-- Chỉ mục cho bảng `tbl_category`
--
ALTER TABLE `tbl_category`
  ADD PRIMARY KEY (`catId`);

--
-- Chỉ mục cho bảng `tbl_compare`
--
ALTER TABLE `tbl_compare`
  ADD PRIMARY KEY (`id`),
  ADD KEY `customer_id` (`customer_id`,`productId`),
  ADD KEY `productId` (`productId`);

--
-- Chỉ mục cho bảng `tbl_customer`
--
ALTER TABLE `tbl_customer`
  ADD PRIMARY KEY (`id`);

--
-- Chỉ mục cho bảng `tbl_order`
--
ALTER TABLE `tbl_order`
  ADD PRIMARY KEY (`id`),
  ADD KEY `productId` (`productId`,`customer_id`),
  ADD KEY `customer_id` (`customer_id`);

--
-- Chỉ mục cho bảng `tbl_product`
--
ALTER TABLE `tbl_product`
  ADD PRIMARY KEY (`productId`),
  ADD KEY `catId` (`catId`,`brandId`),
  ADD KEY `brandId` (`brandId`);

--
-- Chỉ mục cho bảng `tbl_slider`
--
ALTER TABLE `tbl_slider`
  ADD PRIMARY KEY (`sliderId`);

--
-- Chỉ mục cho bảng `tbl_wishlist`
--
ALTER TABLE `tbl_wishlist`
  ADD PRIMARY KEY (`id`),
  ADD KEY `customer_id` (`customer_id`,`productId`),
  ADD KEY `productId` (`productId`);

--
-- AUTO_INCREMENT cho các bảng đã đổ
--

--
-- AUTO_INCREMENT cho bảng `tbl_admin`
--
ALTER TABLE `tbl_admin`
  MODIFY `adminid` int(11) NOT NULL AUTO_INCREMENT, AUTO_INCREMENT=3;

--
-- AUTO_INCREMENT cho bảng `tbl_binhluan`
--
ALTER TABLE `tbl_binhluan`
  MODIFY `binhluan_id` int(11) NOT NULL AUTO_INCREMENT;

--
-- AUTO_INCREMENT cho bảng `tbl_brand`
--
ALTER TABLE `tbl_brand`
  MODIFY `brandId` int(11) UNSIGNED NOT NULL AUTO_INCREMENT, AUTO_INCREMENT=14;

--
-- AUTO_INCREMENT cho bảng `tbl_cart`
--
ALTER TABLE `tbl_cart`
  MODIFY `cartId` int(11) NOT NULL AUTO_INCREMENT;

--
-- AUTO_INCREMENT cho bảng `tbl_category`
--
ALTER TABLE `tbl_category`
  MODIFY `catId` int(11) UNSIGNED NOT NULL AUTO_INCREMENT, AUTO_INCREMENT=26;

--
-- AUTO_INCREMENT cho bảng `tbl_compare`
--
ALTER TABLE `tbl_compare`
  MODIFY `id` int(11) NOT NULL AUTO_INCREMENT;

--
-- AUTO_INCREMENT cho bảng `tbl_customer`
--
ALTER TABLE `tbl_customer`
  MODIFY `id` int(11) UNSIGNED NOT NULL AUTO_INCREMENT, AUTO_INCREMENT=2;

--
-- AUTO_INCREMENT cho bảng `tbl_order`
--
ALTER TABLE `tbl_order`
  MODIFY `id` int(11) NOT NULL AUTO_INCREMENT;

--
-- AUTO_INCREMENT cho bảng `tbl_product`
--
ALTER TABLE `tbl_product`
  MODIFY `productId` int(11) UNSIGNED NOT NULL AUTO_INCREMENT, AUTO_INCREMENT=24;

--
-- AUTO_INCREMENT cho bảng `tbl_slider`
--
ALTER TABLE `tbl_slider`
  MODIFY `sliderId` int(11) NOT NULL AUTO_INCREMENT, AUTO_INCREMENT=3;

--
-- AUTO_INCREMENT cho bảng `tbl_wishlist`
--
ALTER TABLE `tbl_wishlist`
  MODIFY `id` int(11) NOT NULL AUTO_INCREMENT;

--
-- Các ràng buộc cho các bảng đã đổ
--

--
-- Các ràng buộc cho bảng `tbl_binhluan`
--
ALTER TABLE `tbl_binhluan`
  ADD CONSTRAINT `tbl_binhluan_ibfk_1` FOREIGN KEY (`product_id`) REFERENCES `tbl_product` (`productId`) ON DELETE CASCADE ON UPDATE NO ACTION;

--
-- Các ràng buộc cho bảng `tbl_cart`
--
ALTER TABLE `tbl_cart`
  ADD CONSTRAINT `tbl_cart_ibfk_1` FOREIGN KEY (`productId`) REFERENCES `tbl_product` (`productId`) ON DELETE CASCADE ON UPDATE NO ACTION;

--
-- Các ràng buộc cho bảng `tbl_compare`
--
ALTER TABLE `tbl_compare`
  ADD CONSTRAINT `tbl_compare_ibfk_1` FOREIGN KEY (`customer_id`) REFERENCES `tbl_customer` (`id`) ON DELETE CASCADE ON UPDATE NO ACTION,
  ADD CONSTRAINT `tbl_compare_ibfk_2` FOREIGN KEY (`productId`) REFERENCES `tbl_product` (`productId`) ON DELETE CASCADE ON UPDATE NO ACTION;

--
-- Các ràng buộc cho bảng `tbl_order`
--
ALTER TABLE `tbl_order`
  ADD CONSTRAINT `tbl_order_ibfk_1` FOREIGN KEY (`customer_id`) REFERENCES `tbl_customer` (`id`) ON DELETE CASCADE ON UPDATE NO ACTION,
  ADD CONSTRAINT `tbl_order_ibfk_2` FOREIGN KEY (`productId`) REFERENCES `tbl_product` (`productId`) ON DELETE CASCADE ON UPDATE NO ACTION;

--
-- Các ràng buộc cho bảng `tbl_product`
--
ALTER TABLE `tbl_product`
  ADD CONSTRAINT `tbl_product_ibfk_1` FOREIGN KEY (`catId`) REFERENCES `tbl_category` (`catId`) ON DELETE CASCADE ON UPDATE NO ACTION,
  ADD CONSTRAINT `tbl_product_ibfk_2` FOREIGN KEY (`brandId`) REFERENCES `tbl_brand` (`brandId`) ON DELETE CASCADE ON UPDATE NO ACTION;

--
-- Các ràng buộc cho bảng `tbl_wishlist`
--
ALTER TABLE `tbl_wishlist`
  ADD CONSTRAINT `tbl_wishlist_ibfk_1` FOREIGN KEY (`customer_id`) REFERENCES `tbl_customer` (`id`) ON DELETE CASCADE ON UPDATE NO ACTION,
  ADD CONSTRAINT `tbl_wishlist_ibfk_2` FOREIGN KEY (`productId`) REFERENCES `tbl_product` (`productId`) ON DELETE CASCADE ON UPDATE NO ACTION;
COMMIT;

/*!40101 SET CHARACTER_SET_CLIENT=@OLD_CHARACTER_SET_CLIENT */;
/*!40101 SET CHARACTER_SET_RESULTS=@OLD_CHARACTER_SET_RESULTS */;
/*!40101 SET COLLATION_CONNECTION=@OLD_COLLATION_CONNECTION */;
